{
    "epoch": 26,
    "val_accuracy": 0.7508569366768898,
    "val_loss": 0.01917531610243774,
    "train_loss": 0.013933282268107503
}