{
    "epoch": 28,
    "val_accuracy": 0.7527169369670623,
    "val_loss": 0.030557132241400806,
    "train_loss": 0.0176139342676494
}