{
    "epoch": 23,
    "val_accuracy": 0.8344290657439446,
    "val_loss": 0.04019911619268605,
    "train_loss": 0.01831916846399126
}